No,MPW ID,Title,Writers,Share,Publishers,Created date,Created by
1,104,A Test 1,Ruwani/Taco,1.00%/12.00%,Isuru/champ  (1.00%/12.00%),22/07/2022,Ruwani0502
2,105,Love song,Doge/Doge/Doge/Doge,1000.00%/1000.00%/1000.00%/1000.00%,sample/sample/champ/champ  (1000.00%/1000.00%/1000.00%/1000.00%),25/07/2022,Ruwani0502
3,106,iSURU,Doge,1000.00%,champ  (1000.00%),01/08/2022,Ruwani0502
4,107,Test-title,Bob,1.00%,sample  (1.00%),02/08/2022,Ruwani0502
5,108,This time,,,,04/08/2022,Ruwani0502
6,111,Canada,isuru,100.00%,sample  (100.00%),09/08/2022,Ruwani0502
7,113,Page1,,,,12/08/2022,Ruwani0502
8,114,Page2,,,,12/08/2022,Ruwani0502
9,115,Test1,,,,13/08/2022,Ruwani0502
10,116,test3,,,,13/08/2022,Ruwani0502
11,117,test4,,,,13/08/2022,Ruwani0502
12,118,test4e,,,,13/08/2022,Ruwani0502
13,119,test5,Bis,100.00%,champ  (100.00%),13/08/2022,Ruwani0502
14,120,test6,Ruwani/isuru,100.00%/10.00%,Tao/er  (100.00%/10.00%),14/08/2022,Ruwani0502
15,121,It is a sunny Summer day,,,,18/08/2022,Ruwani0502
16,124,xx-test,Ruwani,45.00%,Julian Daniel  (45.00%),05/09/2022,Ruwani0502
17,126,ER,Testing_NG,100.00%,champ  (100.00%),07/09/2022,Ruwani0502
18,143,Today1,Today1,100.00%,champ  (100.00%),14/09/2022,Ruwani0502
19,144,Controlled Writers,Controlled Writers,100.00%,Enigma Management  (100.00%),14/09/2022,Ruwani0502
20,158,Today,,,,20/09/2022,Ruwani0502
21,159,Today it,,,,20/09/2022,Ruwani0502
22,160,Fast,isuru,0%,sample  (0%),20/09/2022,Ruwani0502
23,165,Toyota_Prius,Ruwani,100.00%,DDI  (100.00%),26/09/2022,Ruwani0502
24,166,Today itrt,,,,26/09/2022,Ruwani0502
25,168,Demo 02,,,,28/09/2022,Ruwani0502
26,169,Demo 03,,,,28/09/2022,Ruwani0502
27,170,Demo 05,,,,29/09/2022,Ruwani0502
28,173,datecheck,,,,29/09/2022,Ruwani0502
29,176,Demo 10,,,,29/09/2022,Ruwani0502
30,186,czcxzc,,,,30/09/2022,Ruwani0502
31,187,Demo123,isuru,100.00%,sample  (100.00%),30/09/2022,Ruwani0502
32,188,You cant test the file right now,Mark,45.00%,Enigma Management  (45.00%),03/10/2022,Ruwani0502
33,189,Testing is very important.,,,,04/10/2022,Ruwani0502
34,190,t,Doge/Controlled Writers,100.00%/12.00%,T/DDI  (100.00%/12.00%),04/10/2022,Ruwani0502
35,191,Today is The best day,Doge,100.00%,Dim  (100.00%),11/10/2022,Ruwani0502
36,192,Sri Lanka,Destination,100.00%,New Sri  (100.00%),13/10/2022,Ruwani0502
37,194,NFS Bradby,Mazzy,10.00%,Test  (10.00%),18/10/2022,Ruwani0502
38,195,Today win SL,,,,20/10/2022,Ruwani0502
39,199,Test name,,,,28/10/2022,Ruwani0502
40,200,Test data verification,Ruwani,100.00%,champ  (100.00%),28/10/2022,Ruwani0502
41,201,Honda,,,,28/10/2022,Ruwani0502
